x_dense,y_spline_natural,y_spline_clamped,y_bptt
0.026236559139784954,0.04415584415584417,0.04415584415584417,0.13815660736786867
0.02806042191910704,0.05748646315129903,0.03254193557732392,0.13855300324609388
0.029884284698429124,0.07073876640213775,0.02966473774659859,0.138964934912603
0.031708147477751206,0.08383443816374415,0.03422674747922501,0.13939203303394193
0.033532010257073294,0.09669516269150218,0.04493046159076004,0.13983393256777246
0.03535587303639538,0.10924262424079562,0.06047837689676054,0.14029027274200667
0.037179735815717464,0.12139850706700829,0.07957299021278326,0.14076069703394134
0.039003598595039546,0.1330844954255241,0.10091679835438504,0.1412448531493923
0.040827461374361634,0.14422227357172696,0.12321229813712285,0.14174239300182886
0.04265132415368372,0.15473352576100063,0.14516198637655348,0.14225297269150816
0.044475186933005804,0.16453995604265134,0.1654685788823504,0.14277625248460957
0.046299049712327886,0.1735930994029706,0.18316483214936527,0.14331189679236905
0.048122912491649975,0.18193431521499834,0.19827729318471968,0.14385957415021366
0.04994677527097206,0.18962180135771636,0.211018805257072,0.14441895719689576
0.051770638050294145,0.19671375571010666,0.22160221163508073,0.14498972265362756
0.053594500829616226,0.20326837615115115,0.2302403555874044,0.1455715513032154
0.055418363608938315,0.20934386055983178,0.23714608038270155,0.14616412796919417
0.0572422263882604,0.2149984068151305,0.24253222928963053,0.14676714149496178
0.059066089167582485,0.22029021279602917,0.24661164557684984,0.1473802847229134
0.060889951946904566,0.2252774763815098,0.24959717251301805,0.14800325447357596
0.06271381472622665,0.23001839545055433,0.25170165336679357,0.14863575152474248
0.06453767750554874,0.23457116788214472,0.2531379314068348,0.1492774805906065
0.06636154028487082,0.23899399155526274,0.2541188499018005,0.14992815030089643
0.0681854030641929,0.24334506434889047,0.25485725212034893,0.15058747318000998
0.070009265843515,0.2476825841420099,0.2555659813311385,0.1512551656261485
0.07183312862283708,0.2520647488136028,0.25645788080282794,0.15193094789045136
0.07365699140215917,0.25654975624265114,0.25774579380407553,0.15261454405613045
0.07548085418148125,0.26119144174500714,0.2596317984095971,0.15330568201760442
0.07730471696080334,0.26597513049142085,0.2621489149688405,0.15400409345963315
0.07912857974012542,0.27083170424081804,0.26519581760639654,0.15470951383645212
0.0809524425194475,0.2756905421982997,0.268667472699174,0.15542168235090684
0.08277630529876959,0.2804810235689668,0.27245884662408143,0.1561403419335871
0.08460016807809168,0.28513252755792035,0.2764649057580274,0.15686523922196158
0.08642403085741376,0.28957443337026123,0.28058061647792054,0.15759612453951202
0.08824789363673585,0.29373612021109047,0.28470094516066935,0.15833275187486773
0.09007175641605793,0.297546967285509,0.2887208581831827,0.15907487886093996
0.09189561919538002,0.30093635379861783,0.2925353219223691,0.15982226675405625
0.0937194819747021,0.3038336589555179,0.29603930275513707,0.1605746804130949
0.09554334475402418,0.3061682619613102,0.2991277670583953,0.1613318882786192
0.09736720753334627,0.3078695420210956,0.30169568120905244,0.16209366235201203
0.09919107031266836,0.30886687833997534,0.3036380115840171,0.16285977817461011
0.10101493309199044,0.30908965012305006,0.3048497245601979,0.16363001480683834
0.10283879587131253,0.308467236575421,0.30522578651450344,0.16440415480734435
0.10466265865063461,0.306929016902189,0.3046611638238423,0.1651819842121328
0.1064865214299567,0.304404370308455,0.3030508228651232,0.1659632925136997
0.10831038420927878,0.30082267599932,0.3002897300152546,0.16674787264016694
0.11013424698860086,0.29611384022199966,0.2962735036474146,0.16753552093441654
0.11195810976792295,0.29027124344393235,0.29097628518565316,0.16832603713322514
0.11378197254724504,0.28341138262176185,0.28452452170364007,0.1691192243463984
0.11560583532656712,0.2756648777219214,0.2770621316486553,0.16991488903590524
0.11742969810588921,0.2671623487108442,0.2687330334679793,0.17071284099501238
0.11925356088521129,0.2580344155549637,0.25968114560889227,0.1715128933274187
0.12107742366453338,0.2484116982207129,0.25005038651867434,0.17231486242638952
0.12290128644385546,0.23842481667452506,0.23998467464460602,0.17311856795389116
0.12472514922317754,0.2282043908828337,0.2296279284339674,0.17392383281972518
0.12654901200249963,0.21788104081207174,0.21912406633403878,0.17473048316066284
0.12837287478182172,0.20758538642867255,0.20861700679210032,0.17553834831957948
0.1301967375611438,0.19744804769906937,0.19825066825543247,0.1763472608245889
0.1320206003404659,0.18759964458969552,0.18816896917131537,0.17715705636817775
0.13384446311978798,0.17817079706698416,0.17851582798702934,0.1779675737863399
0.13566832589911004,0.16929212509736863,0.16943516314985474,0.17877865503771087
0.13749218867843216,0.16109411701046458,0.16107074934094118,0.1795901451827022
0.13931605145775422,0.15365583162119908,0.15351019289537463,0.18040189236263576
0.1411399142370763,0.1469270475921814,0.14669990783136794,0.18121374777887836
0.1429637770163984,0.14083755136372883,0.1405644738164293,0.18202556567197578
0.14478763979572049,0.13531712937615875,0.1350284705180668,0.1828372033007875
0.14661150257504257,0.13029556806978823,0.13001647760378862,0.18364852092162098
0.14843536535436463,0.12570265388493473,0.12545307474110287,0.18445938176736593
0.15025922813368675,0.12146817326191518,0.12126284159751749,0.18526965202662882
0.1520830909130088,0.11752191264104711,0.11737035784054084,0.1860792008228672
0.1539069536923309,0.11379365846264754,0.11370020313768085,0.1868879001935242
0.155730816471653,0.11021319716703379,0.11017695715644568,0.1876956250691628
0.15755467925097508,0.10671084220795557,0.10672575591044157,0.18850225325260023
0.15937854203029717,0.10325456296521465,0.10331148720372328,0.18930766539804245
0.16120240480961925,0.09987445870647108,0.0999646267714273,0.19011174499021846
0.16302626758894134,0.0966064386004078,0.09672178361886041,0.19091437832351463
0.1648501303682634,0.09348641181570783,0.09361956675132951,0.19171545448110924
0.1666739931475855,0.09055028752105403,0.09069458517414133,0.19251486531410678
0.16849785592690758,0.08783397488512938,0.08798344789260269,0.1933125054206723
0.17032171870622967,0.08537338307661689,0.08552276391202043,0.1941082721251659
0.17214558148555176,0.08320442126419947,0.0833491422377014,0.19490206545727704
0.17396944426487385,0.0813629986165601,0.08149919187495232,0.1956937881311589
0.17579330704419593,0.07988502430238176,0.08000952182908008,0.1964833455245629
0.17761716982351802,0.07880640749034735,0.07891674110539144,0.19727064565797292
0.1794410326028401,0.0781630573491399,0.07825745870919326,0.1980555991737399
0.18126489538216217,0.07799088304744232,0.07806828364579234,0.19883811931521597
0.18308875816148426,0.07832579375393756,0.07838582492049546,0.199618121905889
0.18491262094080635,0.07920369863730861,0.07924669153860946,0.20039552532851707
0.18673648372012844,0.08066050686623842,0.08068749250544116,0.20117025050426257
0.18856034649945053,0.08273212760940994,0.08274483682629735,0.20194222087182684
0.19038420927877261,0.08545447003550613,0.08545533350648488,0.2027113623665845
0.1922080720580947,0.08885002466064822,0.0888420364925299,0.20347760339971785
0.19403193483741676,0.09287212820314457,0.09285814295585088,0.2042408748373511
0.19585579761673885,0.09745190395736529,0.0974344108351775,0.20500110997968501
0.19767966039606094,0.10252046482069103,0.10250158756656023,0.2057582445401311
0.19950352317538303,0.1080089236905025,0.10799042058604968,0.20651221662444613
0.20132738595470512,0.11384839346418037,0.11383165732969637,0.20726296670986633
0.2031512487340272,0.11996998703910534,0.11995604523355083,0.208010437624242
0.2049751115133493,0.12630481731265816,0.1262943317336636,0.20875457452517188
0.20679897429267138,0.13278399718221942,0.13277726426608533,0.20949532487913725
0.20862283707199347,0.13933863954516995,0.13933559026686645,0.21023263844063672
0.21044669985131553,0.14589986020673418,0.1459000601029297,0.21096646723132031
0.21227056263063762,0.15241000444399821,0.15241274254330983,0.21169676551912409
0.2140944254099597,0.1588480753407559,0.1588526544701839,0.21242348979740422
0.2159182881892818,0.16520054398151365,0.16520633990824124,0.21314659876407177
0.2177421509686039,0.17145388145077803,0.17146034288217132,0.21386605330072672
0.21956601374792598,0.17759455883305547,0.1776012074166634,0.21458181645179264
0.22138987652724806,0.1836090472128525,0.18361547753640692,0.21529385340365087
0.22321373930657012,0.1894838176746755,0.1894896972660911,0.216002131463775
0.2250376020858922,0.19520534130303113,0.19521041063040556,0.21670662003986535
0.2268614648652143,0.20076008918242577,0.20076416165403954,0.2174072906189831
0.2286853276445364,0.2061345323973659,0.20613749436168236,0.21810411674668492
0.23050919042385848,0.2113151420323581,0.21131695277802348,0.21879707400615728
0.23233305320318057,0.21628838917190876,0.21628908092775218,0.2194861399973508
0.23415691598250266,0.22104092615054471,0.2210406035802293,0.2201712943161147
0.23598077876182474,0.22557025567556802,0.22556906562532536,0.22085251853333118
0.23780464154114683,0.2298906843859918,0.22988876903305147,0.22152979617404972
0.2396285043204689,0.2340179627682412,0.23401545559519438,0.22220311269662144
0.24145236709979098,0.23796784130874135,0.23796486710354092,0.22287245547183387
0.24327622987911307,0.2417560704939174,0.2417527453498778,0.2235378137620448
0.24510009265843516,0.24539840081019446,0.2453948321259919,0.22419917870031697
0.24692395543775725,0.24891058274399772,0.2489068692236699,0.22485654326955246
0.24874781821707934,0.2523083667817523,0.25230459843469855,0.22550990228162693
0.2505716809964014,0.2556075034098833,0.2556037615508647,0.22615925235652426
0.2523955437757235,0.2588237431148159,0.2588201003639551,0.22680459190147054
0.2542194065550456,0.2619728363829753,0.26196935666575655,0.22744592109006892
0.25604326933436766,0.2650705337007866,0.2650672722480557,0.22808324184143364
0.2578671321136897,0.2681325855546748,0.26812958890263944,0.22871655779932457
0.25969099489301184,0.2711747424310653,0.27117204842129466,0.22934587431128164
0.26151485767233396,0.27421275481638313,0.27421039259580804,0.22997119840775915
0.263338720451656,0.2772623731970533,0.2772603632179661,0.23059253878126001
0.2651625832309781,0.2803393480595011,0.280337702079556,0.23120990576547057
0.2669864460103002,0.2834594298901517,0.2834581509723643,0.2318233113143946
0.26881030878962225,0.28663836917543006,0.2866374516881778,0.23243276898148768
0.2706341715689443,0.28989191640176154,0.2898913460187833,0.23303829389879185
0.27245803434826643,0.2932358220555712,0.2932355757559677,0.23363990275606988
0.27428189712758855,0.29668580891062024,0.2966858549870572,0.2342376137799397
0.2761057599069106,0.3002481587796596,0.3002484596330907,0.23483144671300848
0.27792962268623267,0.3039059898394031,0.30390650883599274,0.23542142279300748
0.2797534854655548,0.3076389325111053,0.3076396350146776,0.23600756473192624
0.28157734824487685,0.31142661721602083,0.31142747058805936,0.2365898966951468
0.28340121102419896,0.31524867437540455,0.3152496479750524,0.23716844428057826
0.285225073803521,0.3190847344105108,0.31908579959457073,0.23774323449779133
0.28704893658284314,0.3229144277425945,0.32291555786552895,0.23831429574715235
0.2888727993621652,0.32671738479291007,0.3267185552068409,0.23888165779895795
0.29069666214148726,0.3304732359827124,0.3304744240374211,0.23944535177256931
0.2925205249208094,0.3341616117332559,0.3341627967761839,0.2400054101155466
0.29434438770013144,0.3377621424657954,0.33776330584204306,0.24056186658278342
0.29616825047945355,0.3412544586015856,0.34125558365391334,0.241114756215641
0.2979921132587756,0.34461819056188087,0.3446192626307086,0.24166411532108284
0.29981597603809773,0.3478329687679362,0.3478339751913434,0.2422099814508089
0.3016398388174198,0.35087842364100597,0.3508793537547317,0.2427523933803901
0.30346370159674185,0.3537341856023449,0.35373503073978785,0.24329139108840253
0.30528756437606397,0.3563798850732078,0.3563806385654261,0.24382701573556223
0.30711142715538603,0.35879515247484917,0.35879580965056074,0.24435930964385907
0.30893528993470815,0.3609596182285237,0.36096017641410594,0.2448883162756916
0.3107591527140302,0.362852912755486,0.36285337127497597,0.245414080213001
0.3125830154933523,0.3644546664769909,0.36445502665208496,0.24593664713640592
0.3144068782726744,0.3657445098142927,0.36574477496434743,0.24645606380433654
0.3162307410519965,0.3667020731886464,0.36670224863067735,0.246972378032169
0.31805460383131856,0.36730698702130654,0.367307080069989,0.24748563867135998
0.3198784666106406,0.3675388817335277,0.36753890170119663,0.24799589558858084
0.32170232938996274,0.367379388828076,0.3673793468658205,0.2485031996448523
0.3235261921692848,0.3668309767723049,0.366830884215308,0.24900760267467834
0.3253500549486069,0.3659084884638589,0.3659083558487465,0.2495091574651812
0.327173917727929,0.3646269299348126,0.36462676698669855,0.25000791773523534
0.3289977805072511,0.3630013072172402,0.3630011228497268,0.25050393811460203
0.33082164328657315,0.36104662634321627,0.36104642865839376,0.25099727412306355
0.33264550606589527,0.358777893344815,0.358777689633262,0.2514879821495578
0.33446936884521733,0.35621011425411087,0.35620991099489413,0.2519761194313125
0.3362932316245394,0.3533582951031782,0.35335809796385265,0.2524617440329797
0.3381170944038615,0.35023744192409134,0.3502372557607001,0.2529449148257701
0.33994095718318357,0.3468625607489248,0.34686238960599924,0.2534256914665875
0.3417648199625057,0.3432486576097527,0.3432485047203123,0.25390413437716314
0.34358868274182774,0.33941073853864967,0.33941060632420217,0.25438030472319006
0.34541254552114986,0.3353638095676899,0.3353636996382313,0.2548542643934576
0.3472364083004719,0.331122876728948,0.3311227898829622,0.25532607597898566
0.349060271079794,0.3267029460544982,0.32670288227895755,0.25579580275215913
0.3508841338591161,0.32211902357641464,0.32211898204677974,0.25626350864586234
0.35270799663843816,0.3173861153267721,0.3173860944069915,0.25672925823261333
0.3545318594177603,0.31251922733764465,0.3125192245801553,0.25719311670369843
0.35635572219708234,0.3075332131389949,0.3075332253882836,0.2576551498483064
0.35817958497640445,0.30244190738897436,0.30244193147347687,0.258115424032663
0.3600034477557265,0.2972587272390574,0.29725876025468057,0.25857400617916526
0.3618273105350486,0.2919970885786352,0.2919971278896141,0.25903096374551604
0.3636511733143707,0.2866704072970989,0.28667045053599666,0.2594863647038583
0.36547503609369275,0.28129209928384025,0.2812921443515481,0.2599402775199092
0.36729889887301487,0.2758755804282503,0.2758756254939874,0.26039277113209525
0.36912276165233693,0.2704342666197206,0.2704343101210345,0.2608439149306859
0.37094662443165904,0.26498157374764214,0.2649816143904085,0.26129377873692833
0.3727704872109811,0.25953091770140674,0.2595309544598291,0.2617424327821818
0.3745943499903032,0.25409571437040523,0.2540957464870155,0.26218994768705206
0.3764182127696253,0.24868937964402943,0.2486894066296873,0.2626363944405255
0.37824207554894734,0.24332532941167048,0.24332535104556402,0.26308184437910387
0.38006593832826946,0.23801697956271953,0.2380169958923648,0.26352636916593847
0.3818898011075915,0.23277774598656822,0.23277775732780948,0.26397004076996466
0.38371366388691364,0.2276210445726076,0.22762105150961717,0.2644129314450359
0.3855375266662357,0.22256029121022936,0.22256029459550758,0.2648551137090589
0.3873613894455578,0.21760890178882442,0.21760890274319997,0.26529666032312704
0.3891852522248799,0.21278029219778452,0.212780292110414,0.2657376442706554
0.391009115004202,0.20808783593521138,0.2080878364506755,0.266178138736515
0.39283297778352405,0.20354390503666228,0.20354390775011955,0.2666182170861672
0.3946568405628461,0.1991598551491218,0.1991598612969183,0.26705795284479816
0.39648070334216823,0.19494699654287484,0.19494700698873152,0.2674974196764529
0.3983045661214903,0.1909166394882068,0.19091665472321953,0.2679366913631699
0.4001284289008124,0.18708009425540245,0.18708011439804204,0.2683758417841159
0.40195229168013447,0.18344867111474714,0.18344869591085922,0.26881494489471935
0.4037761544594566,0.18003368033652561,0.18003370915933087,0.26925407470580565
0.40560001723877864,0.17684643219102322,0.17684646404111712,0.2696933052627313
0.4074238800181007,0.17389823694852488,0.17389827045387787,0.27013271062451794
0.4092477427974228,0.17120040487931565,0.171200438295273,0.27057236484298713
0.4110716055767449,0.16876424625368067,0.16876427746296266,0.2710123419418949
0.412895468356067,0.1666010713419049,0.1666010978546067,0.27145271589606523
0.41471933113538906,0.1647221904142736,0.1647222093678652,0.2718935606105257
0.4165431939147112,0.16313891374107162,0.16313892190039797,0.272334949899641
0.41836705669403323,0.16186233597325808,0.16186232973982673,0.2727769574662475
0.4201909194733553,0.16089525320821282,0.16089522897764966,0.2732196568807876
0.4220147822526774,0.16022972957211892,0.1602296841964418,0.2736631215604445
0.4238386450319995,0.15985711677785036,0.15985704759615613,0.2741074247482762
0.4256625078113216,0.15976876653828112,0.15976867137674552,0.27455263949234976
0.42748637059064365,0.1599560305662852,0.15995590773816296,0.27499883862487623
0.42931023336996577,0.16041026057473665,0.16041010888036134,0.2754460947413447
0.4311340961492878,0.16112280827650946,0.16112262700329355,0.2758944801796565
0.43295795892860994,0.1620850253844776,0.16208481430691257,0.27634406699925995
0.434781821707932,0.16328826361151508,0.16328802299117123,0.27679492696028474
0.43660568448725406,0.16472387467049587,0.16472360525602253,0.27724713150267577
0.4384295472665762,0.16638321027429406,0.16638291330141938,0.27770075172532827
0.44025341004589824,0.16825762213578357,0.1682572993273147,0.278155858365222
0.44207727282522036,0.1703384619678385,0.17033811553366138,0.27861252177655504
0.4439011356045424,0.1726170814833327,0.17261671412041232,0.2790708119098791
0.44572499838386453,0.17508483239514036,0.1750844472875205,0.27953079829123306
0.4475488611631866,0.17773306641613532,0.17773266723493883,0.2799925500012781
0.4493727239425087,0.1805531352591917,0.18055272616262022,0.2804561356544314
0.4511965867218308,0.18353639063718333,0.18353597627051754,0.2809216233780012
0.45302044950115283,0.18667418426298435,0.18667376975858374,0.2813890807913205
0.45484431228047495,0.1899578678494688,0.18995745882677179,0.2818585749848822
0.456668175059797,0.19337879310951056,0.19337839567503456,0.2823301724994728
0.4584920378391191,0.19692831175598383,0.19692793250332502,0.2828039393053069
0.4603159006184412,0.20059777550176228,0.20059742151159599,0.2832799407811621
0.4621397633977633,0.20437853605972026,0.20437821489980051,0.2837582416935132
0.46396362617708536,0.20826194514273152,0.20826166486789138,0.28423890617566594
0.4657874889564074,0.21223935446367015,0.21223912361582156,0.28472199770689227
0.46761135173572954,0.2163021157354103,0.2163019433435441,0.285207579091564
0.4694352145150516,0.22044158067082567,0.2204414762510117,0.285695712438288
0.4712590772943737,0.22464910098279053,0.22464907453817745,0.2861864591390396
0.4730829400736958,0.22891631934570722,0.22891638127642497,0.2866798798482982
0.4749068028530179,0.23323801080076845,0.233238170933975,0.2871760344621801
0.47673066563233996,0.23761085853956002,0.23761112553857297,0.2876749820975746
0.478554528411662,0.2420315728545392,0.24203195421044402,0.28817678107127664
0.48037839119098413,0.24649686403816332,0.24649736606981307,0.28868148887912304
0.4822022539703062,0.2510034423828892,0.25100407023690485,0.28918916217512525
0.4840261167496283,0.2555480181811743,0.2555487758319444,0.28969985675060483
0.48584997952895037,0.2601273017254755,0.26012819197515646,0.2902136275133272
0.4876738423082725,0.26473800330825015,0.2647390277867661,0.2907305284666363
0.48949770508759455,0.26937683322195527,0.2693779923869981,0.2912506126885888
0.49132156786691666,0.27404050175904815,0.27404179489607755,0.29177393231108906
0.4931454306462387,0.2787257192119858,0.27872714443422897,0.29230053849902254
0.4949692934255608,0.28342919587322535,0.2834307501216775,0.29283048142939117
0.4967931562048829,0.28814764203522414,0.28814932107864827,0.2933638102704471
0.49861701898420496,0.2928777679904392,0.2928795664253658,0.2939005731608273
0.5004408817635271,0.29761628403132767,0.2976181952820552,0.2944408171886879
0.5022647445428492,0.30235990045034683,0.3023619167689413,0.2949845883708385
0.5040886073221713,0.30710532753995373,0.307107440006249,0.2955319316318771
0.5059124701014933,0.3118492755926052,0.31185147411420294,0.2960828907833236
0.5077363328808154,0.316588454900759,0.31659072821302864,0.29663750850275505
0.5095601956601374,0.32131957575687176,0.32132191142295025,0.29719582631293917
0.5113840584394596,0.32603934845340105,0.32604173286419336,0.2977578845609693
0.5132079212187817,0.33074448328280387,0.3307469016569826,0.29832372239739924
0.5150317839981038,0.33543169053753735,0.3354341269215428,0.2988933777553765
0.5168556467774259,0.34009768051005856,0.3401001177780989,0.29946688732977716
0.5186795095567479,0.34473916349282446,0.3447415833468756,0.30004428655634124
0.52050337233607,0.34935284977829273,0.3493552327480981,0.300625609590805
0.522327235115392,0.35393544965892,0.3539377751019911,0.30121088928803774
0.5241510978947141,0.358483673427164,0.35848591952877973,0.30180015718117414
0.5259749606740363,0.3629942313754814,0.3629963751486888,0.30239344346074987
0.5277988234533584,0.3674638337963296,0.3674658510819432,0.3029907769538354
0.5296226862326804,0.3718891909821654,0.37189105644876747,0.30359218510317115
0.5314465490120025,0.3762670132254464,0.3762687003693871,0.3041976939463007
0.5332704117913246,0.38059401081862954,0.38059549196402676,0.30480732809470584
0.5350942745706467,0.384866894054172,0.3848681403529113,0.3054211107129412
0.5369181373499687,0.3890823732245307,0.38908335465626537,0.3060390634977684
0.5387420001292909,0.39323715862216324,0.39323784399431433,0.30666120665729024
0.540565862908613,0.3973279605395265,0.3973283174872829,0.3072875588900854
0.542389725687935,0.4013514892668233,0.4013514842531456,0.3079181373643425
0.5442135884672571,0.4053034430756944,0.40530304321014293,0.30855295769699426
0.5460374512465792,0.4091756296818857,0.40917480971283593,0.3091920339328533
0.5478613140259013,0.41295892202097995,0.41295766601563516,0.3098353785237448
0.5496851768052233,0.4166441930285597,0.41664249437295126,0.3104830023076417
0.5515090395845454,0.420222315640208,0.42022017703919523,0.3111349144877992
0.5533329023638676,0.4236841627915076,0.42368159626877766,0.31179112261188874
0.5551567651431896,0.4270206074180409,0.42701763431610895,0.3124516325511325
0.5569806279225117,0.43022252245539105,0.4302191734356003,0.3131164484794381
0.5588044907018338,0.43328078083914057,0.4332770958816622,0.31378557285253295
0.5606283534811559,0.4361862555048723,0.4361822839087053,0.31445900638709795
0.5624522162604779,0.4389298193881687,0.4389256197711402,0.31513674803990277
0.5642760790398,0.441502345424613,0.4414979857233779,0.31581879498693943
0.5660999418191222,0.4438947065497876,0.44389026401982895,0.31650514260255774
0.5679238045984442,0.4460977756992753,0.4460933369149039,0.31719578443859836
0.5697476673777663,0.44810242580865894,0.44809808666301376,0.3178907122035284
0.5715715301570884,0.44989952981352127,0.4498953955185691,0.318589915741575
0.5733953929364105,0.4514799606494449,0.4514761457359806,0.3192933830118605
0.5752192557157325,0.45283459125201253,0.452831219569659,0.3200011000675356
0.5770431184950546,0.45395429455680714,0.453951499274015,0.32071305103491476
0.5788669812743767,0.4548299434994114,0.4548278671034593,0.3214292180926107
0.5806908440536988,0.4554524110154079,0.4554512053124025,0.3221495814506675
0.5825147068330209,0.45581257004037956,0.45581239615525554,0.32287411932969745
0.584338569612343,0.45590293418972455,0.4559039591935821,0.3236028079400119
0.5861624323916651,0.4557265018894118,0.45572887724642375,0.3243356214607592
0.5879862951709871,0.4552903977531107,0.4552942508385276,0.32507253201905695
0.5898101579503092,0.454601756305492,0.4546071903852684,0.32581350966912637
0.5916340207296313,0.4536677120712265,0.4536748063020214,0.32655852237142846
0.5934578835089535,0.45249539957498514,0.45250420900416133,0.3273075359717961
0.5952817462882755,0.45109195334143865,0.45110250890706355,0.3280605141805705
0.5971056090675976,0.4494645078952577,0.4494768164261027,0.3288174185517338
0.5989294718469197,0.4476201977611133,0.44763424197665386,0.32957820846204455
0.6007533346262417,0.44556615746367634,0.44558189597409226,0.33034284109017154
0.6025771974055638,0.4433095215276173,0.44332688883379257,0.3311112713958295
0.6044010601848859,0.44085742447760723,0.4408763309711299,0.33188345209891135
0.606224922964208,0.438217000838317,0.4382373328014793,0.33265933365862416
0.60804878574353,0.4353953851344174,0.4354170047402158,0.3334388642526232
0.6098726485228522,0.432399711890579,0.4324224572027142,0.3342219897561458
0.6116965113021743,0.4292371156314728,0.4292608006043496,0.3350086537211464
0.6135203740814963,0.4259147308817699,0.4259391453604972,0.3357987973554302
0.6153442368608184,0.4224396921661406,0.4224646018865316,0.3365923595017894
0.6171680996401405,0.4188191340092558,0.418844280597828,0.337389276617135
0.6189919624194626,0.41506019093578655,0.41508529190976134,0.3381894827516323
0.6208158251987846,0.4111699974704038,0.4111947462377069,0.33899290952783634
0.6226396879781068,0.40715568813777786,0.4071797539970392,0.33979948611982413
0.6244635507574289,0.4030243974625798,0.40304742560313345,0.3406091392323314
0.6262874135367509,0.3987832599694808,0.3988048714713649,0.3414217930798852
0.628111276316073,0.394439410183151,0.3944592020171081,0.34223736936593885
0.6299351390953951,0.3899999826282615,0.3900175276557382,0.34305578726200725
0.6317590018747172,0.3854721118294832,0.38548695880263023,0.34387696338679896
0.6335828646540392,0.3808629323114871,0.3808746058731594,0.3447008117853533
0.6354067274333614,0.3761795785989435,0.3761875792827003,0.345527243908173
0.6372305902126835,0.3714291852165235,0.37143298944662806,0.3463561685903594
0.6390544529920056,0.36661889069875847,0.3666179509290773,0.34718749203074584
0.6408783157713276,0.36175681542735205,0.3617505941519412,0.3480211177710334
0.6427021785506497,0.3568533389536539,0.35684138696301443,0.34885694667492406
0.6445260413299718,0.3519191574218896,0.35190112476955177,0.349694876907256
0.6463499041092938,0.3469649669762848,0.34694060297880763,0.3505348039131374
0.6481737668886159,0.3420014637610645,0.34197061699803605,0.3513766203970812
0.6499976296679381,0.33703934392045415,0.33700196223449147,0.35222021630213995
0.6518214924472602,0.33208930359867933,0.33204543409542836,0.35306547878903793
0.6536453552265822,0.3271620389399657,0.32711182798810146,0.35391229221530873
0.6554692180059043,0.32226824608853794,0.3222119393197642,0.35476053811442754
0.6572930807852264,0.3174186211886219,0.31735656349767166,0.3556100951749458
0.6591169435645484,0.31262386038444306,0.3125564959290782,0.3564608392196268
0.6609408063438705,0.30789465982022646,0.3078225320212377,0.3573126431845781
0.6627646691231927,0.30324171564019764,0.30316546718140486,0.35816537709838736
0.6645885319025148,0.2986757239885821,0.2985960968168339,0.35901890806125725
0.6664123946818368,0.29420738100960536,0.2941252163347795,0.3598731002241369
0.6682362574611589,0.28984738284749234,0.28976362114249554,0.3607278147678603
0.670060120240481,0.2856064256464688,0.28552210664723654,0.3615829098822778
0.671883983019803,0.28149520555076024,0.28141146825625724,0.3624382407453913
0.6737078457991251,0.2775244187045916,0.27744250137681137,0.3632936595024897
0.6755317085784472,0.27370476125218857,0.2736260014161536,0.3641490152452802
0.6773555713577694,0.27004692933777646,0.2699727637815383,0.3650041539910276
0.6791794341370914,0.26656161910558096,0.26649358388022,0.3658589186616832
0.6810032969164135,0.263259526699827,0.26319925711945263,0.366713149063024
0.6828271596957356,0.2601513482647401,0.26010057890649085,0.3675666818637846
0.6846510224750576,0.25724777994454606,0.2572083446485891,0.3684193505747908
0.6864748852543797,0.25455951788346964,0.2545333497530014,0.369270985528096
0.6882987480337018,0.25209725822573664,0.25208638962698227,0.37012141385611474
0.690122610813024,0.24987162979754649,0.24987818785482263,0.3709704594707568
0.691946473592346,0.24788994538489445,0.24791593007044077,0.3718179430425623
0.6937703363716681,0.2461547554502133,0.2462017208884117,0.3726636819798353
0.6955941991509902,0.24466824194840503,0.24473727175517135,0.37350749040777853
0.6974180619303122,0.2434325868343715,0.24352429411715565,0.37434917914762844
0.6992419247096343,0.24244997206301436,0.2425644994208003,0.37518855569578796
0.7010657874889564,0.2417225795892356,0.24185959911254112,0.3760254242029626
0.7028896502682785,0.24125259136793695,0.24141130463881402,0.3768595854532937
0.7047135130476005,0.24104218935402025,0.24122132744605476,0.377690836843494
0.7065373758269227,0.2410935555023873,0.24129137898069913,0.3785189723619805
0.7083612386062448,0.24140887176794,0.24162317068918307,0.37934378256800894
0.7101851013855669,0.24199032010558005,0.2422184140179423,0.38016505457081046
0.7120089641648889,0.24284008247020927,0.24307882041341264,0.38098257200872326
0.713832826944211,0.2439603408167296,0.24420610132202994,0.38179611502832866
0.7156566897235331,0.24535327710004282,0.24560196819023009,0.38260546026358544
0.7174805525028551,0.24702107327505057,0.24726813246444873,0.38341038081496226
0.7193044152821773,0.2489659112966549,0.2492063055911219,0.38421064622857437
0.7211282780614994,0.2511899731197576,0.25141819901668533,0.3850060224753167
0.7229521408408215,0.25369544069926037,0.2539055241875748,0.38579627192999966
0.7247760036201435,0.25648449599006495,0.256669992550226,0.38658115335048227
0.7265998663994656,0.25955932094707346,0.25971331555107513,0.38736042185680575
0.7284237291787877,0.2629220975251875,0.2630372046365578,0.38813382891033066
0.7302475919581097,0.2665750076793088,0.26664337125310955,0.38890112229286766
0.7320714547374318,0.27052023336433956,0.27053352684716675,0.38966204608581545
0.733895317516754,0.27475841442098026,0.27470801231881625,0.39041634064929354
0.7357191802960761,0.2792780231023774,0.27915635468504707,0.39116374260127507
0.7375430430753981,0.28406176135498384,0.2838629526313895,0.3919039847967255
0.7393669058547202,0.28909229638584155,0.2888121739688952,0.3926367963067319
0.7411907686340423,0.294352295401992,0.293988386508615,0.393361902397639
0.7430146314133643,0.2998244256104764,0.29937595806159967,0.39407902451018795
0.7448384941926864,0.30549135421833706,0.3049592564389009,0.39478788023864464
0.7466623569720086,0.31133574843261536,0.3107226494515697,0.39548818330993574
0.7484862197513307,0.31734027546035287,0.316650504910657,0.3961796435627868
0.7503100825306527,0.32348760250859077,0.3227271906272135,0.3968619669268495
0.7521339453099748,0.3297603967843715,0.3289370744122912,0.3975348554018444
0.7539578080892969,0.3361413254947364,0.3352645240769407,0.3981980070366885
0.755781670868619,0.34261305584672697,0.3416939074322132,0.3988511159086332
0.757605533647941,0.34915825504738446,0.3482095922891594,0.3994938721023974
0.7594293964272631,0.35575959030375137,0.3547959464588311,0.4001259616893038
0.7612532592065853,0.3623997288228688,0.3614373377522792,0.4007470667064099
0.7630771219859073,0.3690613378117781,0.36811813398055426,0.4013568651356447
0.7649009847652294,0.37572708447752157,0.37482270295470826,0.4019550308829426
0.7667248475445515,0.3823796360271406,0.38153541248579187,0.4025412337573776
0.7685487103238736,0.3890016596676767,0.38824063038485623,0.4031151394502994
0.7703725731031956,0.39557582260617113,0.39492272446295196,0.40367640951446615
0.7721964358825177,0.40208479204966635,0.40156606253113114,0.4042247013431759
0.7740202986618399,0.40851123520520355,0.40815501240044433,0.4047596681494072
0.7758441614411619,0.41483781927982394,0.41467394188194234,0.40528095894494875
0.777668024220484,0.421047244634336,0.42110723730125776,0.40578821851953684
0.7794918869998061,0.4271260590669525,0.42744143356920605,0.4062810874199875
0.7813157497791282,0.4330681959616912,0.43366719004583054,0.4067592019293317
0.7831396125584502,0.4388684252817235,0.4397756332752728,0.40722219404594984
0.7849634753377723,0.444521516990222,0.44575788980167536,0.4076696914627044
0.7867873381170944,0.45002224105035815,0.4516050861691796,0.40810131754607915
0.7886112008964165,0.45536536742530326,0.4573083489219271,0.4085166913153071
0.7904350636757386,0.46054566607822994,0.4628588046040604,0.40891542742151155
0.7922589264550607,0.4655579069723096,0.46824757975972076,0.40929713612683405
0.7940827892343828,0.470396860070714,0.47346580093305024,0.4096614232835726
0.7959066520137048,0.47505729533661467,0.4785045946681903,0.41000789031331597
0.7977305147930269,0.479533982733184,0.48335508750928313,0.4103361341860756
0.799554377572349,0.48382169222359345,0.48800840600047063,0.4106457473994253
0.801378240351671,0.48791519377101455,0.4924556766858941,0.4109363179576281
0.8032021031309932,0.49180925733861963,0.49668802610969603,0.4112074293507766
0.8050259659103153,0.4954986528895803,0.5006965808160179,0.4114586605339253
0.8068498286896374,0.4989781503870681,0.5044724673490014,0.41168958590622473
0.8086736914689594,0.5022425197942549,0.5080068122527883,0.4118997752900546
0.8104975542482815,0.5052865310743128,0.511290742071521,0.41208879391016384
0.8123214170276036,0.5081049541904133,0.5143153833493408,0.4122562023727978
0.8141452798069256,0.5106925591057282,0.5170718626303894,0.412401556644836
0.8159691425862478,0.5130441157834296,0.5195513064588091,0.41252440803292667
0.8177930053655699,0.5151543941866888,0.5217448413787414,0.4126243031626198
0.819616868144892,0.5170181642786779,0.5236435939343284,0.4127007839575032
0.821440730924214,0.5186301960225687,0.5252386906697114,0.4127533876183377
0.8232645937035361,0.5199852593815327,0.5265212581290328,0.4127816466021885
0.8250884564828582,0.5210781243187423,0.5274824228564341,0.4127850886015596
0.8269123192621803,0.5219035607973687,0.5281133113960572,0.4127632365235321
0.8287361820415023,0.5224563387805838,0.5284050502920439,0.4127156084688951
0.8305600448208245,0.5227312282315597,0.5283487660885361,0.41264171771128
0.8323839076001466,0.5227229991134679,0.5279355853296755,0.4125410726762986
0.8342077703794686,0.5224264213894803,0.527156634559604,0.41241317692067203
0.8360316331587907,0.5218362650227685,0.5260030403224634,0.4122575291113688
0.8378554959381128,0.5209472999765046,0.5244659291623955,0.4120736230047407
0.8396793587174349,0.5197542962138602,0.522536427623542,0.41186094742565194
0.8415032214967569,0.5182520236980072,0.5202056622500452,0.4116189862466161
0.843327084276079,0.5164352523921173,0.5174647595860462,0.41134721836693444
0.8451509470554012,0.5142987522593622,0.5143048461756874,0.41104511769182295
0.8469748098347232,0.5118412693763692,0.5107266857804715,0.4107121531115545
0.8487986726140453,0.5090777271797962,0.5067702524954864,0.41034778848058506
0.8506225353933674,0.506027162839495,0.5024854911929115,0.4099514825966917
0.8524463981726895,0.5027086135260554,0.4979223467467151,0.4095226891801139
0.8542702609520115,0.49914111641006753,0.4931307640308655,0.4090608568526751
0.8560941237313336,0.4953437086621203,0.4881606879193299,0.4085654291169265
0.8579179865106558,0.49133542745280384,0.4830620632860766,0.4080358443352785
0.8597418492899778,0.487135309952708,0.47788483500507384,0.40747153570913486
0.8615657120692999,0.482762393332422,0.4726789479502888,0.40687193125802534
0.863389574848622,0.4782357147625356,0.46749434699569,0.4062364537987464
0.8652134376279441,0.4735743114136388,0.46238097701524505,0.40556452092448614
0.8670373004072661,0.4687972204563213,0.4573887828829225,0.4048555449839668
0.8688611631865882,0.46392347906117226,0.45256770947268943,0.40410893306057727
0.8706850259659104,0.4589721243987817,0.44796770165851424,0.4033240869515029
0.8725088887452325,0.4539621936397393,0.4436387043143647,0.40250040314686786
0.8743327515245545,0.44891272395463494,0.4396306623142093,0.40163727280885864
0.8761566143038766,0.4438427525140578,0.43599352053201507,0.40073408175087033
0.8779804770831987,0.43877131648859785,0.4327772238417505,0.39979021041663565
0.8798043398625207,0.433717453048845,0.4300317171173835,0.39880503385935484
0.8816282026418428,0.42870019936538856,0.42780694523288176,0.39777792172083903
0.883452065421165,0.42373731505306333,0.4261451854822327,0.3967082382106343
0.8852759282004871,0.41883397976287645,0.4250132132657229,0.39559534208516733
0.8870997909798091,0.4139882198112198,0.42433487140313464,0.3944385866268729
0.8889236537591312,0.4091979789360022,0.4240335070982191,0.3932373196233281
0.8907475165384533,0.4044612008751336,0.4240324675547275,0.3919908833463889
0.8925713793177753,0.39977582936652406,0.4242550999764112,0.3906986145313248
0.8943952420970974,0.3951398081480826,0.4246247515670213,0.3893598443559495
0.8962191048764195,0.3905510809577192,0.4250647695303091,0.38797389841976093
0.8980429676557417,0.38600759153334335,0.4254985010700258,0.386540096723072
0.8998668304350637,0.3815072836128652,0.42584929338992267,0.3850577536461435
0.9016906932143858,0.37704810093419366,0.42604049369375097,0.38352617792832816
0.9035145559937079,0.3726279872352388,0.4259954491852619,0.3819446726471867
0.9053384187730299,0.36824488625391044,0.4256375070682067,0.38031253519764086
0.907162281552352,0.36389674172811776,0.42489001454633657,0.3786290572710963
0.9089861443316741,0.35958149739577067,0.42367631882340284,0.3768935248345833
0.9108100071109962,0.35529709699477885,0.4219197671031566,0.3751052181098887
0.9126338698903183,0.35104148426305204,0.41954370658934936,0.3732634115526886
0.9144577326696404,0.34681260293849964,0.4164714844857319,0.3713673738316856
0.9162815954489625,0.3426083967590313,0.41262644799605586,0.3694163678077378
0.9181054582282845,0.3384268094625571,0.40793194432407254,0.36740965051300334
0.9199293210076066,0.3342657847869862,0.4023113206735327,0.3653464731300655
0.9217531837869287,0.3301232664702284,0.3956879242481878,0.36322608097107
0.9235770465662508,0.32599719825019335,0.38798510225178906,0.3610477134568634
0.9254009093455728,0.321885523864791,0.3791262018880884,0.35881060409611953
0.927224772124895,0.31778618705193046,0.369034570360836,0.35651398046447824
0.9290486349042171,0.3136971315495217,0.35763355487378334,0.35415706418368265
0.9308724976835391,0.3096163010954746,0.3448465026306826,0.3517390709007081
0.9326963604628612,0.3055416394276983,0.33059676083528355,0.34925921026690226
0.9345202232421833,0.3014710902841026,0.314807676691338,0.3467166859171119
0.9363440860215054,0.2974025974025974,0.2974025974025974,0.34411069544882344
